ID,mean_semi_loc_coh_sif,mean_semi_loc_coh_bert,mean_semi_loc_coh_elmo,max_semi_loc_coh_sif,max_semi_loc_coh_bert,max_semi_loc_coh_elmo,min_semi_loc_coh_sif,min_semi_loc_coh_bert,min_semi_loc_coh_elmo,mean_loc_coh_sif,mean_loc_coh_bert,mean_loc_coh_elmo,max_loc_coh_sif,max_loc_coh_bert,max_loc_coh_elmo,min_loc_coh_sif,min_loc_coh_bert,min_loc_coh_elmo,mean_glob_coh_sif,mean_glob_coh_bert,mean_glob_coh_elmo,max_glob_coh_sif,max_glob_coh_bert,max_glob_coh_elmo,min_glob_coh_sif,min_glob_coh_bert,min_glob_coh_elmo,mean_control_glob_coh_sif,mean_control_glob_coh_bert,mean_control_glob_coh_elmo,max_control_glob_coh_sif,max_control_glob_coh_bert,max_control_glob_coh_elmo,min_control_glob_coh_sif,min_control_glob_coh_bert,min_control_glob_coh_elmo,mean_cum_coh_sif,mean_cum_coh_bert,mean_cum_coh_elmo,max_cum_coh_sif,max_cum_coh_bert,max_cum_coh_elmo,min_cum_coh_sif,min_cum_coh_bert,min_cum_coh_elmo
H01,0.2578079616282695,0.8869057297706604,0.5832768678665161,0.8773440428812253,0.9375120401382446,0.8506405353546143,-0.16168002106873205,0.8020257353782654,0.09982872009277344,0.2578079616282695,0.8869057297706604,0.5832768678665161,0.8773440428812253,0.9375120401382446,0.8506405353546143,-0.16168002106873205,0.8020257353782654,0.09982872009277344,0.2618462150743806,0.8940760493278503,0.6035032868385315,0.5106181010492064,0.9321682453155518,0.8268194198608398,-0.17074304746197683,0.8210354447364807,0.14968837797641754,0.26204508043525176,0.8939288258552551,0.5995815396308899,0.5131527233005823,0.931638240814209,0.8229921460151672,-0.15525047243299017,0.8170899748802185,0.13511362671852112,-0.11672202500127495,0.7375564575195312,0.22127807140350342,0.0679299687569165,0.8241881132125854,0.46697860956192017,-0.2715266472759702,0.6759649515151978,-0.007806410547345877
H02,0.33446670174916876,0.8609393239021301,0.48803508281707764,0.7068982729662396,0.9008401036262512,0.5485650300979614,0.014511666127357579,0.822035551071167,0.3955160081386566,0.33446670174916876,0.8609393239021301,0.48803508281707764,0.7068982729662396,0.9008401036262512,0.5485650300979614,0.014511666127357579,0.822035551071167,0.3955160081386566,0.4098398051816455,0.9122124910354614,0.6738484501838684,0.6056580373753963,0.929247260093689,0.7336951494216919,-0.09927792339153721,0.8899826407432556,0.5705466270446777,0.40833048754194146,0.9106113910675049,0.6667068004608154,0.6291375316951413,0.9273388981819153,0.730769693851471,-0.10623961696578592,0.8873850703239441,0.5680307149887085,0.17169531905471788,0.822115957736969,0.3474503755569458,0.34231772160082313,0.8565055727958679,0.3955160081386566,-0.10922193059057853,0.7878067493438721,0.30523768067359924
H03,0.20036199672495353,0.8925741314888,0.6141631007194519,0.9999626286344168,0.9393298625946045,0.7625460624694824,-0.14724358463397125,0.7198674082756042,0.35120874643325806,0.20036199672495353,0.8925741314888,0.6141631007194519,0.9999626286344168,0.9393298625946045,0.7625460624694824,-0.14724358463397125,0.7198674082756042,0.35120874643325806,0.2958883322498283,0.903847873210907,0.6559066772460938,0.7612093669102089,0.9387972950935364,0.7754096984863281,-0.19563710609563603,0.7591433525085449,0.4327417016029358,0.2901641672601102,0.9036206603050232,0.6535135507583618,0.7752912749744705,0.9400193691253662,0.7693318724632263,-0.2162120506549331,0.7541424036026001,0.4392946660518646,-0.1483068324553629,0.7027286887168884,0.29081353545188904,0.9999626286344168,0.8580200672149658,0.5391578674316406,-0.2943088028131827,0.6086782217025757,0.10016471892595291
H04,0.18745095026348219,0.8933798670768738,0.6004616022109985,0.6857390380448388,0.9344866275787354,0.7579028606414795,-0.2321496784621379,0.7414778470993042,0.3352167010307312,0.18745095026348219,0.8933798670768738,0.6004616022109985,0.6857390380448388,0.9344866275787354,0.7579028606414795,-0.2321496784621379,0.7414778470993042,0.3352167010307312,0.21652252403898686,0.8975260853767395,0.619858980178833,0.7487380347296081,0.9327141046524048,0.7872844338417053,-0.2958170482981571,0.7576984167098999,0.3885456621646881,0.2113608847321204,0.8977511525154114,0.6144025325775146,0.7669506885781803,0.9328609704971313,0.7867704629898071,-0.3213206395987024,0.7540412545204163,0.37717610597610474,-0.20072186666189004,0.6864016652107239,0.2284654676914215,-0.023217763949036956,0.8285671472549438,0.3662206530570984,-0.45517058508683794,0.5700151920318604,0.1260756105184555
H05,0.18585801775572797,0.883378267288208,0.6511523127555847,0.5725873500709212,0.9260714650154114,0.7903257012367249,-0.25000549185349435,0.7311598658561707,0.3878808319568634,0.18585801775572797,0.883378267288208,0.6511523127555847,0.5725873500709212,0.9260714650154114,0.7903257012367249,-0.25000549185349435,0.7311598658561707,0.3878808319568634,0.23958513046850902,0.8917269110679626,0.6688594818115234,0.7245276294652033,0.9336369633674622,0.8117939233779907,-0.32408139497560123,0.7701454758644104,0.43606066703796387,0.23043840542042515,0.8901814222335815,0.6609494090080261,0.738168450179187,0.9336918592453003,0.820329487323761,-0.35089035111244826,0.7674583792686462,0.43282946944236755,-0.21625965593943344,0.6935276389122009,0.30909809470176697,-0.08476410129428218,0.7863783836364746,0.45599642395973206,-0.39268335367814755,0.5717740058898926,0.19779923558235168
H06,0.20945170646994268,0.8879444003105164,0.5972166657447815,0.5612671436007901,0.9240058064460754,0.7182822227478027,-0.010714815887447339,0.8140344619750977,0.43429556488990784,0.20945170646994268,0.8879444003105164,0.5972166657447815,0.5612671436007901,0.9240058064460754,0.7182822227478027,-0.010714815887447339,0.8140344619750977,0.43429556488990784,0.28249922811798744,0.9002724885940552,0.6449251770973206,0.7555614248814354,0.9343298673629761,0.7718843221664429,-0.19269695396089617,0.8095476031303406,0.4720610976219177,0.2731410223582395,0.899067223072052,0.6441987752914429,0.7782915952053556,0.9330670833587646,0.7608438730239868,-0.24666542244699333,0.8045504093170166,0.47994861006736755,-0.11505685947237394,0.7790426015853882,0.3388388752937317,0.15309502920425014,0.870590329170227,0.5015110373497009,-0.251775988754907,0.6999771595001221,0.23722562193870544
H07,0.2943273461371075,0.8767254948616028,0.6173063516616821,0.7424044436586893,0.9297772645950317,0.7664365172386169,-0.13462688070854512,0.7905455827713013,0.46241334080696106,0.2943273461371075,0.8767254948616028,0.6173063516616821,0.7424044436586893,0.9297772645950317,0.7664365172386169,-0.13462688070854512,0.7905455827713013,0.46241334080696106,0.38079050357584276,0.8920316100120544,0.6536221504211426,0.741905098354852,0.9278194308280945,0.7835583090782166,0.012646392994950162,0.7880972623825073,0.4820058345794678,0.3808055395446202,0.8912703394889832,0.6537021994590759,0.7654804787697812,0.9293648600578308,0.7750679850578308,0.0035636268347787885,0.7870175838470459,0.4861585795879364,-0.059394957796085585,0.71323162317276,0.34249818325042725,0.39022316984559896,0.8894505500793457,0.6606950163841248,-0.3167226275698115,0.6332560181617737,0.19580549001693726
H08,0.2314389945418495,0.8832155466079712,0.5994791984558105,0.9999995047406295,0.9321950674057007,0.7281367778778076,-0.30502633495253406,0.7341633439064026,0.41671377420425415,0.2314389945418495,0.8832155466079712,0.5994791984558105,0.9999995047406295,0.9321950674057007,0.7281367778778076,-0.30502633495253406,0.7341633439064026,0.41671377420425415,0.27582543717421876,0.8938786387443542,0.6384796500205994,0.7359144541416622,0.9349334836006165,0.7678261399269104,-0.3606117043028434,0.7421700954437256,0.4124806821346283,0.27143318715639475,0.8930423855781555,0.6340166926383972,0.7601391595458885,0.9344837069511414,0.777934193611145,-0.3806868966025464,0.7424454092979431,0.40188902616500854,-0.09676754494218953,0.7208523750305176,0.3090037405490875,0.9999995047406295,0.9094258546829224,0.6503350138664246,-0.37283937203729406,0.5834689736366272,0.1740729659795761
H09,0.13255097258094048,0.859514057636261,0.49946194887161255,0.4976283418529659,0.915794849395752,0.6114591956138611,-0.05077485966681677,0.7880516052246094,0.3656800091266632,0.13255097258094048,0.859514057636261,0.49946194887161255,0.4976283418529659,0.915794849395752,0.6114591956138611,-0.05077485966681677,0.7880516052246094,0.3656800091266632,0.3191545609066016,0.893286943435669,0.6013606190681458,0.7067563176696219,0.928985595703125,0.7662801146507263,-0.13639277091054378,0.8094441294670105,0.47503960132598877,0.3133315878481052,0.892599880695343,0.5988574624061584,0.6961930001845006,0.9272982478141785,0.7626022100448608,-0.15196498895004779,0.803545355796814,0.4824746251106262,-0.11478536032322176,0.7260736227035522,0.268146276473999,-0.04703857726253983,0.7894592881202698,0.37562114000320435,-0.2794654450749494,0.6213163137435913,0.17753401398658752
H10,0.1493962460280351,0.8944712281227112,0.6018525958061218,0.46423006710211495,0.9290724992752075,0.7754437923431396,-0.1998864402993198,0.7628116607666016,0.28979092836380005,0.1493962460280351,0.8944712281227112,0.6018525958061218,0.46423006710211495,0.9290724992752075,0.7754437923431396,-0.1998864402993198,0.7628116607666016,0.28979092836380005,0.2460572748008865,0.9062186479568481,0.6492534875869751,0.7581207177396131,0.9317811131477356,0.786313533782959,-0.19528089947694466,0.7794333696365356,0.4565872848033905,0.23905550214456692,0.9052844643592834,0.6425726413726807,0.7821588170529551,0.930321216583252,0.781965970993042,-0.22040539926861696,0.7732556462287903,0.44405776262283325,-0.17196187911969785,0.768314778804779,0.28024739027023315,0.08839135868959996,0.8235177397727966,0.36237767338752747,-0.40720302491435656,0.6536573767662048,0.23609711229801178
H11,0.15821472790805904,0.8817763328552246,0.5900789499282837,0.5271482918444507,0.9275844097137451,0.7407146096229553,-0.21803994015332298,0.7351692318916321,0.2710649371147156,0.15821472790805904,0.8817763328552246,0.5900789499282837,0.5271482918444507,0.9275844097137451,0.7407146096229553,-0.21803994015332298,0.7351692318916321,0.2710649371147156,0.24191835336995202,0.8989039659500122,0.6304774880409241,0.7356514249147205,0.9318503737449646,0.798822283744812,-0.2845008939889934,0.7896226048469543,0.28522709012031555,0.23769615643531714,0.8981115221977234,0.6285051703453064,0.7578666686682478,0.9325995445251465,0.7876192331314087,-0.3109262791441995,0.7845265865325928,0.2862369120121002,-0.1546839302669388,0.7100089192390442,0.26619067788124084,0.32700451413837,0.8146581649780273,0.6389960646629333,-0.406306247883533,0.646388828754425,0.07870149612426758
H12,0.09502321605212805,0.8886151909828186,0.5945547819137573,0.3620545137778475,0.9318925142288208,0.7399305701255798,-0.2941714671662705,0.7294056415557861,0.32129353284835815,0.09502321605212805,0.8886151909828186,0.5945547819137573,0.3620545137778475,0.9318925142288208,0.7399305701255798,-0.2941714671662705,0.7294056415557861,0.32129353284835815,0.14800474889331922,0.8955090641975403,0.6246200203895569,0.6598048198595653,0.9339221715927124,0.7399377226829529,-0.42761174181975364,0.7529072165489197,0.32081714272499084,0.139454840165656,0.89487224817276,0.616647481918335,0.662517969034706,0.9328855276107788,0.746260404586792,-0.4371268100435591,0.7475066184997559,0.32558080554008484,-0.2206546790553139,0.7131150960922241,0.20233163237571716,-0.060764918725432764,0.8221014738082886,0.45558249950408936,-0.3397007808737553,0.5759928226470947,0.059341397136449814
H13,0.2564735341318713,0.890182614326477,0.6235522031784058,0.49055104353801066,0.9283617734909058,0.7589482665061951,-0.25532861276423463,0.8067556619644165,0.42720356583595276,0.2564735341318713,0.890182614326477,0.6235522031784058,0.49055104353801066,0.9283617734909058,0.7589482665061951,-0.25532861276423463,0.8067556619644165,0.42720356583595276,0.3133355051609215,0.9060457348823547,0.6728061437606812,0.691932837586418,0.9300652742385864,0.7938232421875,-0.25290622284316594,0.8330599069595337,0.49267518520355225,0.30274351572539276,0.9060444831848145,0.6719998121261597,0.7141237414778226,0.9325629472732544,0.8064364790916443,-0.2532160558439209,0.8304696083068848,0.49050065875053406,-0.09863187162837185,0.7787156105041504,0.3611964285373688,0.3894280612195612,0.8545866012573242,0.5774564743041992,-0.29246131475604686,0.6462153792381287,0.24860161542892456
H14,0.3165872588956794,0.8755386471748352,0.5477950572967529,0.7883403093796957,0.925211489200592,0.7433651685714722,-0.11246995108045904,0.7603103518486023,0.2510554790496826,0.3165872588956794,0.8755386471748352,0.5477950572967529,0.7883403093796957,0.925211489200592,0.7433651685714722,-0.11246995108045904,0.7603103518486023,0.2510554790496826,0.4058573948644747,0.8966019749641418,0.6008138656616211,0.8065335571588743,0.9308596849441528,0.7730136513710022,-0.07035675992504331,0.8080347776412964,0.27035725116729736,0.40365131817107214,0.8978214263916016,0.6025857925415039,0.8121619750822305,0.9317313432693481,0.7771549820899963,-0.08269890036168433,0.803368091583252,0.2678661644458771,-0.04778049515313452,0.7044392228126526,0.2825835943222046,0.3658685373229887,0.829053521156311,0.5374659895896912,-0.18733104079161916,0.5915160775184631,0.10385221242904663
H15,0.2534856110341809,0.8909156918525696,0.635868489742279,0.695344996389316,0.9283664226531982,0.77191162109375,-0.35070657108188236,0.7436315417289734,0.42638805508613586,0.2534856110341809,0.8909156918525696,0.635868489742279,0.695344996389316,0.9283664226531982,0.77191162109375,-0.35070657108188236,0.7436315417289734,0.42638805508613586,0.3118035352884237,0.9036162495613098,0.6695470213890076,0.7735784092919109,0.9313621520996094,0.792553186416626,-0.284222014106256,0.8174746036529541,0.4526594579219818,0.30472542514813494,0.9024112820625305,0.6637265086174011,0.7922476250602045,0.9313000440597534,0.7820236682891846,-0.2915583003948872,0.813582718372345,0.4465104937553406,-0.15350587397769883,0.7308639883995056,0.31683969497680664,0.031263319140116166,0.7923657894134521,0.49626052379608154,-0.4113896577258587,0.6719305515289307,0.2065819799900055
H16,0.20254906135797143,0.8861725926399231,0.5867133140563965,0.6670693464452366,0.9290710091590881,0.7567752599716187,-0.21195089053236152,0.705991804599762,0.3659309148788452,0.20254906135797143,0.8861725926399231,0.5867133140563965,0.6670693464452366,0.9290710091590881,0.7567752599716187,-0.21195089053236152,0.705991804599762,0.3659309148788452,0.32055688805732996,0.9027476906776428,0.6359166502952576,0.7447472372307814,0.9384676218032837,0.7755245566368103,-0.2859159160295801,0.7873321771621704,0.3975621461868286,0.3156532134649659,0.9022504091262817,0.6336714625358582,0.7694531422978603,0.9367740750312805,0.777957558631897,-0.32483622941619605,0.7812458276748657,0.42459094524383545,-0.20470206668717855,0.6976442337036133,0.23141884803771973,-0.057686618403782294,0.7462376952171326,0.4292920231819153,-0.34571338439877375,0.6022350192070007,0.11779280751943588
H17,0.1873591649973059,0.892338752746582,0.6043233871459961,0.673506045501896,0.9368263483047485,0.8188369274139404,-0.2583643321284045,0.585236132144928,0.2829706370830536,0.1873591649973059,0.892338752746582,0.6043233871459961,0.673506045501896,0.9368263483047485,0.8188369274139404,-0.2583643321284045,0.585236132144928,0.2829706370830536,0.23349005825972508,0.9012314081192017,0.6248207092285156,0.7244615057469482,0.9336676597595215,0.7913916707038879,-0.3734016672537976,0.7599573731422424,0.34908875823020935,0.22582005721222706,0.9003185033798218,0.6166892647743225,0.7451635066401544,0.9322353005409241,0.7765039801597595,-0.38709588271752005,0.7547779083251953,0.34056755900382996,-0.22271527278983833,0.6935806274414062,0.25341907143592834,0.0459239852728304,0.7565326690673828,0.45256736874580383,-0.4318585064118042,0.5615506768226624,0.09886789321899414
H18,0.1494475456469684,0.8946009278297424,0.6206513047218323,0.5968360775179409,0.9345155954360962,0.793919026851654,-0.21677411510139286,0.7681698203086853,0.3776353597640991,0.1494475456469684,0.8946009278297424,0.6206513047218323,0.5968360775179409,0.9345155954360962,0.793919026851654,-0.21677411510139286,0.7681698203086853,0.3776353597640991,0.17167262301105743,0.8996812701225281,0.6362200975418091,0.7643082072317456,0.9340018630027771,0.7817057967185974,-0.2966977198813823,0.7698930501937866,0.39955246448516846,0.1610093616669004,0.8984217047691345,0.6285027861595154,0.7885819823943484,0.9341021180152893,0.7784371972084045,-0.3294979044922112,0.7660599946975708,0.40386658906936646,-0.1994925292973163,0.704617977142334,0.26233384013175964,0.17917342711980996,0.8440486192703247,0.5332123041152954,-0.38295923806608023,0.6276074051856995,0.08652260154485703
H19,0.22391527142768716,0.8831911087036133,0.583595871925354,0.5890345595685663,0.9208368062973022,0.7452541589736938,-0.16269967087194798,0.8090826272964478,0.3727966547012329,0.22391527142768716,0.8831911087036133,0.583595871925354,0.5890345595685663,0.9208368062973022,0.7452541589736938,-0.16269967087194798,0.8090826272964478,0.3727966547012329,0.38265089054693213,0.9080133438110352,0.6726726293563843,0.7578490254601233,0.933630645275116,0.7886312007904053,0.01431951235428184,0.8365204930305481,0.5117661952972412,0.3788859510233119,0.9069587588310242,0.6716181635856628,0.7818486888469048,0.9355466365814209,0.7906330227851868,-0.01713537005023264,0.8313722014427185,0.516970694065094,-0.0812822118751063,0.7617819905281067,0.33255869150161743,0.34810753998777394,0.8337581753730774,0.4496642053127289,-0.17865659006448348,0.673090398311615,0.24993614852428436
H20,0.16029106464000462,0.8737035989761353,0.5528153777122498,0.47760864136729503,0.9191857576370239,0.6730560660362244,-0.132614036414166,0.637527585029602,0.3389608561992645,0.16029106464000462,0.8737035989761353,0.5528153777122498,0.47760864136729503,0.9191857576370239,0.6730560660362244,-0.132614036414166,0.637527585029602,0.3389608561992645,0.3263672590520365,0.904068112373352,0.6391162872314453,0.7149545449820637,0.9228977560997009,0.7520317435264587,-0.09552486824144249,0.8070753812789917,0.4998129606246948,0.32035699441485976,0.9041749238967896,0.63926100730896,0.7396074053358884,0.9232980608940125,0.7563047409057617,-0.12876827463301696,0.8063845038414001,0.49948376417160034,-0.1473958123321582,0.723103940486908,0.2961243689060211,-0.04840772769841781,0.8000003695487976,0.3927260935306549,-0.21100180263542567,0.637527585029602,0.1950855553150177
H21,0.1987521194518156,0.9032630920410156,0.6681342720985413,0.5981269376743978,0.9365189671516418,0.7901404500007629,-0.28039058389277793,0.8473832607269287,0.4963812828063965,0.1987521194518156,0.9032630920410156,0.6681342720985413,0.5981269376743978,0.9365189671516418,0.7901404500007629,-0.28039058389277793,0.8473832607269287,0.4963812828063965,0.28905797462978705,0.9141873717308044,0.6994426250457764,0.7771721895272602,0.9343137741088867,0.7732419371604919,-0.23652964464681975,0.8588793277740479,0.5326858758926392,0.28314671001762415,0.9132962226867676,0.6950383186340332,0.7957513967036326,0.9331507086753845,0.7712929248809814,-0.2640203696932269,0.8527389168739319,0.5307723879814148,-0.13568165114436562,0.7989732623100281,0.4085502326488495,0.2667765224089847,0.8543350696563721,0.5493601560592651,-0.26450166292817745,0.6569221615791321,0.25329864025115967
S01,0.33426995066733234,0.8613557815551758,0.5934551954269409,0.8035409001722522,0.9121891856193542,0.7353523373603821,0.016743892036256976,0.7514539957046509,0.4471806585788727,0.33426995066733234,0.8613557815551758,0.5934551954269409,0.8035409001722522,0.9121891856193542,0.7353523373603821,0.016743892036256976,0.7514539957046509,0.4471806585788727,0.4284724160172724,0.8929175734519958,0.6629255414009094,0.7475710684199413,0.9233332276344299,0.7520034909248352,0.027465591305477856,0.8035035133361816,0.5360175371170044,0.4357908373462007,0.8926558494567871,0.6696565747261047,0.77135683032881,0.9242963194847107,0.7449872493743896,0.020399455056100097,0.8011031746864319,0.5375809669494629,0.048858875294155404,0.7166926860809326,0.36581137776374817,0.3990990583223072,0.7514539957046509,0.44857335090637207,-0.25574750532022794,0.6638081073760986,0.2794455885887146
S02,0.20303791489125878,0.8804686665534973,0.5285139083862305,0.6648204657804409,0.9281690120697021,0.7046805024147034,-0.2353710390742379,0.7761833667755127,0.22650988399982452,0.20303791489125878,0.8804686665534973,0.5285139083862305,0.6648204657804409,0.9281690120697021,0.7046805024147034,-0.2353710390742379,0.7761833667755127,0.22650988399982452,0.3675296790504779,0.8989982604980469,0.615419328212738,0.7807524234725438,0.9336501955986023,0.7344309091567993,-0.3062144121110872,0.817940890789032,0.47513800859451294,0.3735529435590145,0.9018697738647461,0.6236415505409241,0.8049138540516707,0.9324067234992981,0.7345345616340637,-0.30333900430519267,0.8147008419036865,0.4731074571609497,-0.1610533571601664,0.7341597080230713,0.24659810960292816,-0.03764714269608674,0.8387165665626526,0.3516503572463989,-0.3030053576991283,0.6461432576179504,0.17114436626434326
S03,0.20853456349622798,0.8871479630470276,0.5910541415214539,0.6191306350410606,0.9276262521743774,0.7647833228111267,-0.36388758219091516,0.7339860200881958,0.38361769914627075,0.20853456349622798,0.8871479630470276,0.5910541415214539,0.6191306350410606,0.9276262521743774,0.7647833228111267,-0.36388758219091516,0.7339860200881958,0.38361769914627075,0.2753791809986262,0.9003883600234985,0.6305624842643738,0.7430501653445373,0.9416787028312683,0.7952529191970825,-0.19103090169391532,0.7400205731391907,0.4049421548843384,0.2784207316474944,0.900942325592041,0.6315003037452698,0.7677976983502182,0.9439980387687683,0.7884834408760071,-0.18643421442949168,0.7386041879653931,0.4107769727706909,-0.14619134175368415,0.6937015056610107,0.30546239018440247,0.2426161746335382,0.8347630500793457,0.44192424416542053,-0.3589046365575912,0.6134175062179565,0.10799731314182281
S05,0.24630683358253838,0.8375611901283264,0.6099315285682678,0.4785496824576679,0.9162076711654663,0.6861598491668701,-0.06602483093801798,0.6875830888748169,0.4719851315021515,0.24630683358253838,0.8375611901283264,0.6099315285682678,0.4785496824576679,0.9162076711654663,0.6861598491668701,-0.06602483093801798,0.6875830888748169,0.4719851315021515,0.372745251693129,0.8651655912399292,0.6475169658660889,0.7420812624073787,0.9242522120475769,0.7595351934432983,-0.036760588877605506,0.6852287650108337,0.45705652236938477,0.37247788403346155,0.8648872375488281,0.6563578844070435,0.7679324277230681,0.9257382750511169,0.746624231338501,-0.0429337412037067,0.6827729940414429,0.4730105698108673,-0.06950426541044363,0.6789376139640808,0.3780379593372345,0.2540243850035452,0.7357621192932129,0.6318647265434265,-0.2685862718874655,0.571155309677124,0.2774996757507324
S06,0.1387656330345705,0.8921027779579163,0.5340686440467834,0.7846938144469917,0.924953281879425,0.7148153185844421,-0.2207310929429873,0.8263988494873047,0.23433558642864227,0.1387656330345705,0.8921027779579163,0.5340686440467834,0.7846938144469917,0.924953281879425,0.7148153185844421,-0.2207310929429873,0.8263988494873047,0.23433558642864227,0.21431876386135987,0.902580976486206,0.5915870070457458,0.7532786341823751,0.9274186491966248,0.725379228591919,-0.3247250654051574,0.8629543781280518,0.3646651804447174,0.21576977393166755,0.9040183424949646,0.5903180837631226,0.7764204668648065,0.9297143220901489,0.7349298000335693,-0.31735962444809745,0.8615975379943848,0.35935428738594055,-0.1864955342097348,0.7493682503700256,0.20179452002048492,0.1597119968670028,0.8340651988983154,0.30050423741340637,-0.3110897628323626,0.6437509059906006,0.12671935558319092
S07,0.2509409180630691,0.8670114278793335,0.6115179061889648,0.7133322870865936,0.9295739531517029,0.747542679309845,-0.08788421612753891,0.7064468264579773,0.41079238057136536,0.2509409180630691,0.8670114278793335,0.6115179061889648,0.7133322870865936,0.9295739531517029,0.747542679309845,-0.08788421612753891,0.7064468264579773,0.41079238057136536,0.3435407246626918,0.8905323147773743,0.6693280935287476,0.7376732913943944,0.9354971051216125,0.7464718818664551,-0.0827601974573312,0.7442954778671265,0.5001093149185181,0.3501076893718616,0.8912802934646606,0.6725831627845764,0.7624618141397662,0.936770498752594,0.7570143342018127,-0.10053813961690308,0.7427899837493896,0.5066661834716797,-0.09554130841196125,0.672487735748291,0.3186146318912506,0.05905763842894888,0.7696838974952698,0.4115442931652069,-0.22202309234680315,0.57306969165802,0.23212479054927826
S08,0.3443416273865889,0.8857006430625916,0.5641332268714905,0.8580629228138783,0.9150629639625549,0.7156614065170288,0.0032384998064640246,0.8223995566368103,0.2987518310546875,0.3443416273865889,0.8857006430625916,0.5641332268714905,0.8580629228138783,0.9150629639625549,0.7156614065170288,0.0032384998064640246,0.8223995566368103,0.2987518310546875,0.3986802746836006,0.9034420251846313,0.6249603033065796,0.5997941552557854,0.9208123683929443,0.7365283370018005,0.11553257572824023,0.8592031598091125,0.3865220248699188,0.4141366763072273,0.9048725962638855,0.631561815738678,0.6301607074540068,0.9203330874443054,0.7406316995620728,0.1272893194674428,0.8656102418899536,0.3852962553501129,0.06541516298662747,0.7894607782363892,0.32376596331596375,0.3477093037040017,0.8278477787971497,0.5344682931900024,-0.1698611039002346,0.7180554270744324,0.13365386426448822
S09,0.16473743661860227,0.8823245167732239,0.5582675933837891,0.9677788169921263,0.9231155514717102,0.7132673859596252,-0.29844885597851606,0.7832065224647522,0.36720532178878784,0.16473743661860227,0.8823245167732239,0.5582675933837891,0.9677788169921263,0.9231155514717102,0.7132673859596252,-0.29844885597851606,0.7832065224647522,0.36720532178878784,0.2435310231344712,0.9009164571762085,0.6159407496452332,0.7784335988480694,0.9288218021392822,0.7526422142982483,-0.3452855997547015,0.8527176380157471,0.4192473292350769,0.24718716740327745,0.9021643996238708,0.6186954379081726,0.8030756557552159,0.9301618933677673,0.7608966827392578,-0.3497531104443116,0.850889265537262,0.4222593605518341,-0.15261257829160865,0.7474610805511475,0.28354015946388245,0.9677788169921263,0.818929135799408,0.6165836453437805,-0.4964553217805717,0.6726289391517639,0.1715080887079239
S10,0.17318557082753674,0.8268842697143555,0.5222395062446594,0.4490656475268862,0.8998050689697266,0.6097645163536072,-0.2133310213066013,0.7136828899383545,0.4346310794353485,0.17318557082753674,0.8268842697143555,0.5222395062446594,0.4490656475268862,0.8998050689697266,0.6097645163536072,-0.2133310213066013,0.7136828899383545,0.4346310794353485,0.33025559719819697,0.8797929883003235,0.6645568609237671,0.7972539708834513,0.9284903407096863,0.7298430800437927,-0.15585363418050066,0.7585300207138062,0.5059900283813477,0.32537777035687226,0.879029393196106,0.6614726185798645,0.8094148515210279,0.9265543222427368,0.724434494972229,-0.20081522349460762,0.7537803053855896,0.49741247296333313,-0.0013733294052872523,0.6995866894721985,0.36350521445274353,0.4490656475268862,0.7372468709945679,0.4408121705055237,-0.28602325768408243,0.651943564414978,0.30899566411972046
S11,0.335620588220891,0.8856038451194763,0.573005199432373,0.9999999482660004,0.9189658164978027,0.7833048701286316,-0.21699030383402865,0.7393813729286194,0.277715265750885,0.335620588220891,0.8856038451194763,0.573005199432373,0.9999999482660004,0.9189658164978027,0.7833048701286316,-0.21699030383402865,0.7393813729286194,0.277715265750885,0.3762121137198685,0.8938126564025879,0.6172232627868652,0.7486625173369011,0.9257827997207642,0.8063346147537231,-0.2526731838177872,0.760934591293335,0.29716435074806213,0.3860863806527998,0.8955056667327881,0.6193869113922119,0.7728720436480631,0.9264694452285767,0.8160396814346313,-0.25162161288898405,0.7571054697036743,0.30840185284614563,-0.0700643970826297,0.725877583026886,0.20757056772708893,0.9999999482660004,0.8573660850524902,0.6229865550994873,-0.2551934919160886,0.5794980525970459,0.07397512346506119
S12,0.09902236965394373,0.8897865414619446,0.5068661570549011,0.30656561582158953,0.921329140663147,0.6664254665374756,-0.250942461379995,0.8420824408531189,0.29068729281425476,0.09902236965394373,0.8897865414619446,0.5068661570549011,0.30656561582158953,0.921329140663147,0.6664254665374756,-0.250942461379995,0.8420824408531189,0.29068729281425476,0.2626194983965063,0.9069724678993225,0.606653094291687,0.7463177750822898,0.9253991842269897,0.7147860527038574,-0.16960433057782145,0.858729898929596,0.3207157552242279,0.2660419221944996,0.9086620807647705,0.6076925992965698,0.7713447404950796,0.9271523356437683,0.7279659509658813,-0.16753266309862427,0.8653335571289062,0.3254169523715973,-0.16413113370773705,0.8013169765472412,0.289327472448349,-0.043937948118491124,0.8420824408531189,0.3748141825199127,-0.28142379370715376,0.7420279383659363,0.15153709053993225
S13,0.18339542072520662,0.8918678164482117,0.6133466362953186,0.5296204687693993,0.9314411282539368,0.7651091814041138,-0.273476472452355,0.7652785778045654,0.46827563643455505,0.18339542072520662,0.8918678164482117,0.6133466362953186,0.5296204687693993,0.9314411282539368,0.7651091814041138,-0.273476472452355,0.7652785778045654,0.46827563643455505,0.2536933721491443,0.9066092371940613,0.6568484902381897,0.7548999143411715,0.9344280362129211,0.7785797715187073,-0.21466408982615173,0.8102182745933533,0.521410346031189,0.2509270292389186,0.9063870310783386,0.6572738289833069,0.7788118687256422,0.9340782165527344,0.7843473553657532,-0.21654598637833075,0.8075739145278931,0.512639582157135,-0.0981969185768577,0.7307827472686768,0.33179518580436707,0.2450527069588588,0.7828642725944519,0.5655327439308167,-0.3370228164839397,0.583717405796051,0.22158849239349365
S14,0.21237780105059129,0.8963218927383423,0.5395054817199707,0.5422138903795874,0.9266510605812073,0.8013889193534851,-0.19795898672268408,0.8427795767784119,0.281520813703537,0.21237780105059129,0.8963218927383423,0.5395054817199707,0.5422138903795874,0.9266510605812073,0.8013889193534851,-0.19795898672268408,0.8427795767784119,0.281520813703537,0.30858596573148117,0.8989545702934265,0.5825867652893066,0.5988394939801913,0.928382933139801,0.6953127384185791,-0.16960433057782145,0.849618673324585,0.44185692071914673,0.31131387553336953,0.9016838669776917,0.587191104888916,0.6292286573070135,0.9307019114494324,0.6900481581687927,-0.16753266309862427,0.8565099239349365,0.43880775570869446,-0.11349182529560811,0.7997907400131226,0.29377442598342896,0.021123664459677397,0.9003201723098755,0.6904968023300171,-0.23653580978658667,0.739786684513092,0.16251146793365479
S15,0.7502290349571978,0.8946225643157959,0.6207256317138672,0.9999990564800434,0.9423723220825195,0.8010585904121399,-0.19416200377073475,0.8282466530799866,0.37072670459747314,0.7502290349571978,0.8946225643157959,0.6207256317138672,0.9999990564800434,0.9423723220825195,0.8010585904121399,-0.19416200377073475,0.8282466530799866,0.37072670459747314,0.5069161941156398,0.9051852822303772,0.6006811857223511,0.7153570231073997,0.9271670579910278,0.6976416110992432,-0.21369367973170358,0.8616644740104675,0.3975978493690491,0.5316976092480645,0.9070407152175903,0.613097608089447,0.7398251155050448,0.9275556206703186,0.7046085000038147,-0.21371942937240798,0.8680358529090881,0.4246305525302887,0.6278921579595174,0.8027124404907227,0.3774429261684418,0.9999909271835272,0.8472208976745605,0.5363637804985046,-0.17044643511901558,0.7360574007034302,0.15671710669994354
S16,0.19914899801896216,0.8747726082801819,0.589469313621521,0.6073032776539119,0.9219691157341003,0.7636892199516296,-0.08380113209805164,0.7450512051582336,0.4233705401420593,0.19914899801896216,0.8747726082801819,0.589469313621521,0.6073032776539119,0.9219691157341003,0.7636892199516296,-0.08380113209805164,0.7450512051582336,0.4233705401420593,0.3034865927346609,0.9004536271095276,0.6706457734107971,0.7540743396497874,0.9278444647789001,0.7718024849891663,0.023372159288023126,0.7701497077941895,0.544274091720581,0.3002716193896358,0.8997228145599365,0.6690735816955566,0.7771333612118851,0.9300363063812256,0.7682563066482544,0.016303897352744325,0.7655428051948547,0.5442261099815369,0.006940429157959846,0.7583237290382385,0.37748610973358154,0.6073032776539119,0.8368338346481323,0.5565530061721802,-0.2457536551683668,0.6519765257835388,0.27549052238464355
S17,0.16692920667286898,0.8978251218795776,0.5759018659591675,0.4728011199438611,0.926497757434845,0.7650285363197327,-0.11227756141281754,0.8485026359558105,0.2677837312221527,0.16692920667286898,0.8978251218795776,0.5759018659591675,0.4728011199438611,0.926497757434845,0.7650285363197327,-0.11227756141281754,0.8485026359558105,0.2677837312221527,0.2860555016912952,0.9157876968383789,0.6480021476745605,0.7370809236948804,0.93266361951828,0.767396092414856,-0.0002600277406915226,0.8799172639846802,0.30580493807792664,0.2874923999057699,0.9157202839851379,0.6487752199172974,0.7596007526824545,0.9331074953079224,0.7746062278747559,-0.030803182897457534,0.885908305644989,0.31652674078941345,-0.09373879949334016,0.814226508140564,0.3154361844062805,-0.008231357811716737,0.8485026359558105,0.443897008895874,-0.19359619965569916,0.7683861255645752,0.1220548152923584
S18,0.5184755921172274,0.8934254050254822,0.658758819103241,0.8059438052603457,0.9348483085632324,0.827042281627655,0.010667405074586082,0.7728772759437561,0.42130395770072937,0.5184755921172274,0.8934254050254822,0.658758819103241,0.8059438052603457,0.9348483085632324,0.827042281627655,0.010667405074586082,0.7728772759437561,0.42130395770072937,0.5482121909054873,0.9046446084976196,0.6686065793037415,0.7932079948963751,0.9299285411834717,0.761055052280426,0.19293768037887793,0.7883780002593994,0.503208339214325,0.5640356659232809,0.9047795534133911,0.6788307428359985,0.8141511599840598,0.9280852675437927,0.7692771553993225,0.18288974658613108,0.7861864566802979,0.49682798981666565,0.02210725380432525,0.759660542011261,0.3571208119392395,0.40514180094923974,0.8617082238197327,0.4761402904987335,-0.03866637683836158,0.6775767207145691,0.2677578628063202
S19,0.20053546118734836,0.8903530836105347,0.5945701003074646,0.8278526410645064,0.9236503839492798,0.7622596025466919,-0.36194311435077786,0.7654396891593933,0.3923218250274658,0.20053546118734836,0.8903530836105347,0.5945701003074646,0.8278526410645064,0.9236503839492798,0.7622596025466919,-0.36194311435077786,0.7654396891593933,0.3923218250274658,0.24661560936395566,0.9064473509788513,0.6404785513877869,0.7962308275807701,0.9271411299705505,0.75699782371521,-0.28466455840457316,0.8652936220169067,0.41974353790283203,0.25347282822109113,0.9071178436279297,0.6408868432044983,0.8147430163020221,0.9269545674324036,0.7696496844291687,-0.29230144004230707,0.8718439340591431,0.4077698290348053,-0.16017072549627664,0.779457688331604,0.3221735954284668,0.12641688045873653,0.8148548603057861,0.4391779601573944,-0.3802507046134014,0.713188111782074,0.18723835051059723
S20,0.12195309251360635,0.8945649266242981,0.5623329281806946,0.3789470339050187,0.9272106885910034,0.6841765642166138,-0.11354218838768493,0.8269497156143188,0.3359016478061676,0.12195309251360635,0.8945649266242981,0.5623329281806946,0.3789470339050187,0.9272106885910034,0.6841765642166138,-0.11354218838768493,0.8269497156143188,0.3359016478061676,0.3071072592267501,0.9089730381965637,0.6386234164237976,0.7478487518103833,0.9324920177459717,0.7613681554794312,-0.09698167345310273,0.8663450479507446,0.3844538927078247,0.30483746076533635,0.9100682735443115,0.6402612328529358,0.7715855299358473,0.9328904747962952,0.7553438544273376,-0.13638932477986976,0.8688518404960632,0.3926650285720825,-0.11432735129393458,0.7998783588409424,0.2476593255996704,0.0038635520686368992,0.91270512342453,0.5565022826194763,-0.2934163105622837,0.7411200404167175,0.1657107174396515
S21,0.24465220537593835,0.8720154166221619,0.6104862689971924,0.9025585245718875,0.9230284094810486,0.8050774335861206,-0.2633473414488133,0.6925802826881409,0.39664408564567566,0.24465220537593835,0.8720154166221619,0.6104862689971924,0.9025585245718875,0.9230284094810486,0.8050774335861206,-0.2633473414488133,0.6925802826881409,0.39664408564567566,0.2910929258345404,0.8862606287002563,0.6409518718719482,0.7750688733851404,0.9297666549682617,0.7950462698936462,-0.32286951210573395,0.6931481957435608,0.42410072684288025,0.2889744315502572,0.8861221075057983,0.6379023790359497,0.7943377680427134,0.9296559691429138,0.799017071723938,-0.35469379987330263,0.6900475025177002,0.413591593503952,-0.17038655246162987,0.6505122780799866,0.30428674817085266,0.005366972166165631,0.7656989693641663,0.48794031143188477,-0.4356164127301568,0.48111993074417114,0.1494140475988388